,precision,recall,f1-score,support
AMBIGUOUS_SUPPORT,0.4044943820224719,0.085704568643011,0.14144059869036485,8821.0
SUPPORTED,0.3576333861595351,0.10712025316455696,0.1648605868744673,6320.0
UNVERIFIED,0.8511301448469986,0.9867783411300036,0.9139484352197178,71398.0
accuracy,0.8306890534903338,0.8306890534903338,0.8306890534903338,0.8306890534903338
macro avg,0.5377526376763352,0.3932010543125239,0.40674987359485,86539.0
weighted avg,0.7695637576830618,0.8306890534903338,0.7804996222271087,86539.0
