,precision,recall,f1-score,support
AMBIGUOUS_SUPPORT,0.36849540852366375,0.17741752635755584,0.23951637588001223,8821.0
SUPPORTED,0.4438166980539862,0.22373417721518987,0.2974963181148748,6320.0
UNVERIFIED,0.8810583268020125,0.9761758032437884,0.9261813639504597,71398.0
accuracy,0.8398063300939461,0.8398063300939461,0.8398063300939461,0.8398063300939461
macro avg,0.5644568111265541,0.4591091689388447,0.48773135264844897,86539.0
weighted avg,0.7968802730248619,0.8398063300939461,0.8102756873254662,86539.0
